{
  "model": "Rosetta",
  "dataset": "mmlu-redux",
  "answer_method": "generate",
  "overall_accuracy": 0.470703125,
  "subjects": {
    "anatomy": 0.43,
    "business_ethics": 0.4444444444444444,
    "college_biology": 0.5,
    "college_computer_science": 0.35714285714285715,
    "college_medicine": 0.5222222222222223,
    "computer_security": 0.58,
    "econometrics": 0.35,
    "elementary_mathematics": 0.38,
    "global_facts": 0.23958333333333334,
    "high_school_chemistry": 0.43,
    "high_school_european_history": 0.63,
    "high_school_government_and_politics": 0.57,
    "high_school_mathematics": 0.34,
    "high_school_physics": 0.3434343434343434,
    "high_school_statistics": 0.48,
    "high_school_world_history": 0.61,
    "human_sexuality": 0.4895833333333333,
    "jurisprudence": 0.5,
    "machine_learning": 0.39,
    "marketing": 0.74,
    "miscellaneous": 0.5,
    "moral_scenarios": 0.28,
    "philosophy": 0.4157303370786517,
    "professional_accounting": 0.3225806451612903,
    "professional_medicine": 0.44,
    "public_relations": 0.47,
    "sociology": 0.67,
    "virology": 0.5104166666666666,
    "abstract_algebra": 0.29896907216494845,
    "astronomy": 0.47474747474747475,
    "clinical_knowledge": 0.48,
    "college_chemistry": 0.4897959183673469,
    "college_mathematics": 0.38,
    "college_physics": 0.31,
    "conceptual_physics": 0.4639175257731959,
    "electrical_engineering": 0.46,
    "formal_logic": 0.41836734693877553,
    "high_school_biology": 0.5151515151515151,
    "high_school_computer_science": 0.52,
    "high_school_geography": 0.49,
    "high_school_macroeconomics": 0.45,
    "high_school_microeconomics": 0.52,
    "high_school_psychology": 0.66,
    "high_school_us_history": 0.5,
    "human_aging": 0.4444444444444444,
    "international_law": 0.59,
    "logical_fallacies": 0.5625,
    "management": 0.6464646464646465,
    "medical_genetics": 0.44,
    "moral_disputes": 0.5,
    "nutrition": 0.5050505050505051,
    "prehistory": 0.48,
    "professional_law": 0.32,
    "professional_psychology": 0.46464646464646464,
    "security_studies": 0.36,
    "us_foreign_policy": 0.66,
    "world_religions": 0.47
  },
  "categories": {
    "other (business, health, misc.)": 0.4769568397951719,
    "STEM": 0.4286513710128707,
    "social sciences": 0.5129707112970712,
    "humanities": 0.48324240062353857
  },
  "subcategories": {
    "health": 0.47066326530612246,
    "business": 0.610738255033557,
    "biology": 0.507537688442211,
    "computer science": 0.4623115577889447,
    "economics": 0.44,
    "math": 0.3762575452716298,
    "other": 0.3543859649122807,
    "chemistry": 0.4595959595959596,
    "history": 0.555,
    "politics": 0.515,
    "physics": 0.39746835443037976,
    "culture": 0.5816326530612245,
    "law": 0.47,
    "philosophy": 0.44082332761578047,
    "engineering": 0.46,
    "geography": 0.49,
    "psychology": 0.5628140703517588
  },
  "length_statistics": {
    "subcategories": {
      "health": {
        "avg_input_length": 156.8201530612245,
        "avg_gen_length": 6.975765306122449,
        "avg_length_ratio": 0.04860879910542807,
        "accuracy": 0.47066326530612246,
        "total_samples": 784
      },
      "business": {
        "avg_input_length": 134.73154362416108,
        "avg_gen_length": 6.956375838926174,
        "avg_length_ratio": 0.05275422621506696,
        "accuracy": 0.610738255033557,
        "total_samples": 298
      },
      "biology": {
        "avg_input_length": 156.2110552763819,
        "avg_gen_length": 6.9296482412060305,
        "avg_length_ratio": 0.046200632042685034,
        "accuracy": 0.507537688442211,
        "total_samples": 199
      },
      "computer science": {
        "avg_input_length": 167.3467336683417,
        "avg_gen_length": 7.0,
        "avg_length_ratio": 0.04509746929477897,
        "accuracy": 0.4623115577889447,
        "total_samples": 398
      },
      "economics": {
        "avg_input_length": 154.26,
        "avg_gen_length": 7.0,
        "avg_length_ratio": 0.04695962652954591,
        "accuracy": 0.44,
        "total_samples": 300
      },
      "math": {
        "avg_input_length": 161.85915492957747,
        "avg_gen_length": 7.0,
        "avg_length_ratio": 0.04520679616977344,
        "accuracy": 0.3762575452716298,
        "total_samples": 497
      },
      "other": {
        "avg_input_length": 146.9438596491228,
        "avg_gen_length": 7.0,
        "avg_length_ratio": 0.050166852842527844,
        "accuracy": 0.3543859649122807,
        "total_samples": 285
      },
      "chemistry": {
        "avg_input_length": 160.64141414141415,
        "avg_gen_length": 7.0,
        "avg_length_ratio": 0.04571870229093844,
        "accuracy": 0.4595959595959596,
        "total_samples": 198
      },
      "history": {
        "avg_input_length": 340.45,
        "avg_gen_length": 6.9125,
        "avg_length_ratio": 0.026381185441787854,
        "accuracy": 0.555,
        "total_samples": 400
      },
      "politics": {
        "avg_input_length": 162.015,
        "avg_gen_length": 6.9875,
        "avg_length_ratio": 0.04688906271357883,
        "accuracy": 0.515,
        "total_samples": 400
      },
      "physics": {
        "avg_input_length": 153.3392405063291,
        "avg_gen_length": 7.0,
        "avg_length_ratio": 0.04765936095495684,
        "accuracy": 0.39746835443037976,
        "total_samples": 395
      },
      "culture": {
        "avg_input_length": 139.72448979591837,
        "avg_gen_length": 7.0,
        "avg_length_ratio": 0.051097608235373605,
        "accuracy": 0.5816326530612245,
        "total_samples": 196
      },
      "law": {
        "avg_input_length": 208.49666666666667,
        "avg_gen_length": 7.0,
        "avg_length_ratio": 0.03902400069877162,
        "accuracy": 0.47,
        "total_samples": 300
      },
      "philosophy": {
        "avg_input_length": 152.76500857632934,
        "avg_gen_length": 6.974271012006861,
        "avg_length_ratio": 0.04789601251227768,
        "accuracy": 0.44082332761578047,
        "total_samples": 583
      },
      "engineering": {
        "avg_input_length": 123.9,
        "avg_gen_length": 7.0,
        "avg_length_ratio": 0.05718910864261614,
        "accuracy": 0.46,
        "total_samples": 100
      },
      "geography": {
        "avg_input_length": 125.66,
        "avg_gen_length": 7.0,
        "avg_length_ratio": 0.05624227335883724,
        "accuracy": 0.49,
        "total_samples": 100
      },
      "psychology": {
        "avg_input_length": 145.7286432160804,
        "avg_gen_length": 7.0,
        "avg_length_ratio": 0.049858654818345914,
        "accuracy": 0.5628140703517588,
        "total_samples": 199
      }
    }
  }
}