{
  "model": "Rosetta",
  "dataset": "ai2-arc",
  "answer_method": "generate",
  "overall_accuracy": 0.5478260869565217,
  "subjects": {
    "SPLIT_0_OF_1": 0.5478260869565217
  },
  "length_statistics": {
    "subjects": {
      "SPLIT_0_OF_1": {
        "avg_input_length": 141.31739130434784,
        "avg_gen_length": 6.995652173913044,
        "avg_length_ratio": 0.05078479413936539,
        "accuracy": 0.5478260869565217,
        "total_samples": 1150
      }
    }
  }
}